names,calories,protein,fat,carbs,fiber
Cake,306.45745621606494,4.290856106871052,13.501019304826238,43.199909029845976,1.4028397802299828
